{"cameraMode":{"drawMode":0,"name":"Shaded","section":"Shading Mode"},"sceneLighting":true,"audioPlay":false,"sceneViewState":{"showFog":true,"showMaterialUpdate":false,"showSkybox":true,"showFlares":true,"showImageEffects":true,"showParticleSystems":true},"in2DMode":false,"pivot":{"x":68.14970397949219,"y":5.714547157287598,"z":21.72760772705078},"rotation":{"x":0.07582874596118927,"y":0.6886966824531555,"z":-0.0727960392832756,"w":0.7173898220062256},"size":29.39187240600586,"orthographic":false}