{"cameraMode":{"drawMode":0,"name":"Shaded","section":"Shading Mode"},"sceneLighting":true,"audioPlay":false,"sceneViewState":{"showFog":false,"showMaterialUpdate":false,"showSkybox":false,"showFlares":false,"showImageEffects":false,"showParticleSystems":false},"in2DMode":false,"pivot":{"x":90.22982788085938,"y":26.730615615844728,"z":21.922698974609376},"rotation":{"x":-0.04678960144519806,"y":-0.011390099301934243,"z":0.0005335405003279448,"w":-0.9988399147987366},"size":70.5917739868164,"orthographic":false}